{"app_name":"SuprasonicApp","timestamp":"2026-01-24 18:57:07.00 +0100","app_version":"1.0.0","slice_uuid":"18419399-b908-30d4-bde9-00f4c1b6c98f","build_version":"1","platform":1,"bundleID":"com.suprasonic.app","share_with_app_devs":0,"is_first_party":0,"bug_type":"309","os_version":"macOS 26.1 (25B78)","roots_installed":0,"name":"SuprasonicApp","incident_id":"078CD657-88C5-4762-AC4E-B6993403C0AA"}
{
  "uptime" : 1500000,
  "procRole" : "Foreground",
  "version" : 2,
  "userID" : 501,
  "deployVersion" : 210,
  "modelCode" : "Mac16,13",
  "coalitionID" : 184314,
  "osVersion" : {
    "train" : "macOS 26.1",
    "build" : "25B78",
    "releaseType" : "User"
  },
  "captureTime" : "2026-01-24 18:57:05.7106 +0100",
  "codeSigningMonitor" : 2,
  "incident" : "078CD657-88C5-4762-AC4E-B6993403C0AA",
  "pid" : 57343,
  "translated" : false,
  "cpuType" : "ARM-64",
  "roots_installed" : 0,
  "bug_type" : "309",
  "procLaunch" : "2026-01-24 18:52:52.2051 +0100",
  "procStartAbsTime" : 36041192198560,
  "procExitAbsTime" : 36047276690572,
  "procName" : "SuprasonicApp",
  "procPath" : "\/Volumes\/VOLUME\/Suprasonic.app\/Contents\/MacOS\/SuprasonicApp",
  "bundleInfo" : {"CFBundleShortVersionString":"1.0.0","CFBundleVersion":"1","CFBundleIdentifier":"com.suprasonic.app"},
  "storeInfo" : {"deviceIdentifierForVendor":"F95EAD07-6818-55FC-85E8-A0289C45A934","thirdParty":true},
  "parentProc" : "launchd",
  "parentPid" : 1,
  "coalitionName" : "com.suprasonic.app",
  "crashReporterKey" : "15184699-5AF7-703F-BCA8-F8832CE67BFC",
  "appleIntelligenceStatus" : {"reasons":["assetIsNotReady","notOptedIn","siriAssetIsNotReady"],"state":"unavailable"},
  "developerMode" : 1,
  "codeSigningID" : "com.suprasonic.app",
  "codeSigningTeamID" : "",
  "codeSigningFlags" : 570425857,
  "codeSigningValidationCategory" : 10,
  "codeSigningTrustLevel" : 4294967295,
  "codeSigningAuxiliaryInfo" : 0,
  "instructionByteStream" : {"beforePC":"gf7\/VMADX9bAA1\/WQW09kCGgOZG9BQAUAAAA6m3\/\/1QQAED5Aq59kg==","atPC":"URBA+TEDEDYwBAA2Ef5305H+\/7Q\/BgDxYAIAVBEg4NIRAhHL4QMQqg=="},
  "bootSessionUUID" : "9D6E7948-B822-4330-9791-3E1CA3FE7120",
  "wakeTime" : 33837,
  "sleepWakeUUID" : "A8625E34-FE47-4B99-A849-E92A4AD1E385",
  "sip" : "enabled",
  "vmRegionInfo" : "0x686b69faf590 is not in any region.  \n      REGION TYPE                    START - END         [ VSIZE] PRT\/MAX SHRMOD  REGION DETAIL\n      UNUSED SPACE AT START\n--->  \n      UNUSED SPACE AT END",
  "exception" : {"codes":"0x0000000000000001, 0x0000686b69faf590","rawCodes":[1,114810548843920],"type":"EXC_BAD_ACCESS","signal":"SIGSEGV","subtype":"KERN_INVALID_ADDRESS at 0x0000686b69faf590"},
  "termination" : {"flags":0,"code":11,"namespace":"SIGNAL","indicator":"Segmentation fault: 11","byProc":"exc handler","byPid":57343},
  "vmregioninfo" : "0x686b69faf590 is not in any region.  \n      REGION TYPE                    START - END         [ VSIZE] PRT\/MAX SHRMOD  REGION DETAIL\n      UNUSED SPACE AT START\n--->  \n      UNUSED SPACE AT END",
  "extMods" : {"caller":{"thread_create":0,"thread_set_state":0,"task_for_pid":0},"system":{"thread_create":0,"thread_set_state":0,"task_for_pid":0},"targeted":{"thread_create":0,"thread_set_state":0,"task_for_pid":0},"warnings":0},
  "faultingThread" : 0,
  "threads" : [{"triggered":true,"id":17465164,"threadState":{"x":[{"value":30726532352},{"value":96},{"value":114810548843888},{"value":1},{"value":30725776064},{"value":7019994189,"symbolLocation":933,"symbol":"_OBJC_$_INSTANCE_METHODS_NSWindow(NSSwiftImplementation|ScrollPocketAppearanceCoordinator|NSWindow_Performance|NSWindowTabbing_Private|NSTrackingAreas|NSCursorRects|NSDrawers|NSDrawerSupportPrivate|SnapshotAnimation|_NSSegmentedCellToolbarAdditions|NSIPTA|NSTouchBarFinder|_NSResponderDebugging|NSWindowARC|NSSheets|NSSplitViewPreferredThicknessReset|Regions|NSStatusItemInternal|NSResponderDebug|NSDisplayCycle|NSDebugTextDebugging|MotionCompatibility|NSScreenLayout|TrustedRendering|NSCarbonExtensions|NSWindow_Theme|NSWindow_Carbon|NSWindow_Scale|NSTimeMachineSupport|NSInspectorBarSupport|NSTitleRenamingSupport|NSSavelessDocumentSupport|NSWindowSharedFirstResponder|NSWindowContentsHostedInLayerSurface|NSWMWindowManagement|TelemetryAnalytics|NSWindowAccessibility|NSScripting|NSForSwiftUI|NSDrag|NSWindowsMenu|NSWindow_CarbonEventHandlers|NSEventRouting|NSEventRouting_Deprecated|NSGestureRecognizer_Routing|SwiftUI|NSWindow_NonARC|NSViewRoot|NSUIActivityProvider|_NSWindowAnimator|NSSidecarMenu|NSFunctionRow|NSDisplayLinkInternal|NSDisplayLinkPrivate|NSDisplayLink|NSVBOpenAndSavePanels|NSPersistentUISupport|NSUserInterfaceRestoration|ScrollPockets|NSLayoutConstraintVisualization|NSRemoteWindowAccessibility|NSWindowResizing|NSSharingServicePickerToolbarItem|NSFocusEngine_Private|NSFocusEngine_Internal|NSConstraintBasedLayoutPrivate|NSConstraintBasedLayoutInternal|NSAppearanceCustomizationInternal|NSFullScreen|NSQuietSafeQuit)"},{"value":0},{"value":1},{"value":0},{"value":4026512857},{"value":0},{"value":0},{"value":6527495859882534},{"value":6509901526352322},{"value":18432},{"value":50},{"value":2988956850750944624},{"value":8774769912},{"value":0},{"value":30730762624},{"value":144},{"value":30726532352},{"value":30726532352},{"value":0},{"value":30726532352},{"value":0},{"value":0},{"value":30726532352},{"value":30749341440}],"flavor":"ARM_THREAD_STATE64","lr":{"value":7002480980},"cpsr":{"value":0},"fp":{"value":6160794752},"sp":{"value":6160794560},"esr":{"value":2449473541,"description":"(Data Abort) byte read Translation fault"},"pc":{"value":6925041952,"matchesCrashFrame":1},"far":{"value":114810548843920}},"queue":"com.apple.main-thread","frames":[{"imageOffset":33056,"symbol":"objc_release","symbolLocation":16,"imageIndex":5},{"imageOffset":1065300,"symbol":"-[_NSWindowTransformAnimation dealloc]","symbolLocation":512,"imageIndex":6},{"imageOffset":5116,"symbol":"_call_dispose_helpers_excp","symbolLocation":48,"imageIndex":7},{"imageOffset":4544,"symbol":"_Block_release","symbolLocation":236,"imageIndex":7},{"imageOffset":167152,"symbol":"-[NSConcretePointerArray dealloc]","symbolLocation":172,"imageIndex":8},{"imageOffset":64644,"symbol":"AutoreleasePoolPage::releaseUntil(objc_object**)","symbolLocation":204,"imageIndex":5},{"imageOffset":49488,"symbol":"objc_autoreleasePoolPop","symbolLocation":244,"imageIndex":5},{"imageOffset":1797852,"symbol":"CA::Context::commit_transaction(CA::Transaction*, double, double*)","symbolLocation":9296,"imageIndex":9},{"imageOffset":9116,"symbol":"CA::Transaction::commit()","symbolLocation":644,"imageIndex":9},{"imageOffset":2000356,"symbol":"CA::Transaction::flush_as_runloop_observer(bool)","symbolLocation":140,"imageIndex":9},{"imageOffset":7476872,"symbol":"stepTransactionFlush","symbolLocation":220,"imageIndex":6},{"imageOffset":4860,"symbol":"UC::DriverCore::continueProcessing()","symbolLocation":84,"imageIndex":10},{"imageOffset":506968,"symbol":"__CFMachPortPerform","symbolLocation":288,"imageIndex":11},{"imageOffset":393060,"symbol":"__CFRUNLOOP_IS_CALLING_OUT_TO_A_SOURCE1_PERFORM_FUNCTION__","symbolLocation":60,"imageIndex":11},{"imageOffset":392844,"symbol":"__CFRunLoopDoSource1","symbolLocation":508,"imageIndex":11},{"imageOffset":387260,"symbol":"__CFRunLoopRun","symbolLocation":2168,"imageIndex":11},{"imageOffset":1147740,"symbol":"_CFRunLoopRunSpecificWithOptions","symbolLocation":532,"imageIndex":11},{"imageOffset":792424,"symbol":"RunCurrentEventLoopInMode","symbolLocation":316,"imageIndex":12},{"imageOffset":805520,"symbol":"ReceiveNextEventCommon","symbolLocation":488,"imageIndex":12},{"imageOffset":2417416,"symbol":"_BlockUntilNextEventMatchingListInMode","symbolLocation":48,"imageIndex":12},{"imageOffset":5399488,"symbol":"_DPSBlockUntilNextEventMatchingListInMode","symbolLocation":236,"imageIndex":6},{"imageOffset":130612,"symbol":"_DPSNextEvent","symbolLocation":588,"imageIndex":6},{"imageOffset":11460420,"symbol":"-[NSApplication(NSEventRouting) _nextEventMatchingEventMask:untilDate:inMode:dequeue:]","symbolLocation":688,"imageIndex":6},{"imageOffset":11459664,"symbol":"-[NSApplication(NSEventRouting) nextEventMatchingMask:untilDate:inMode:dequeue:]","symbolLocation":72,"imageIndex":6},{"imageOffset":100224,"symbol":"-[NSApplication run]","symbolLocation":368,"imageIndex":6},{"imageOffset":857568,"sourceLine":7,"sourceFile":"main.swift","symbol":"SuprasonicApp_main","imageIndex":0,"symbolLocation":124},{"imageOffset":36180,"symbol":"start","symbolLocation":7184,"imageIndex":13}]},{"id":17465277,"name":"com.apple.NSEventThread","threadState":{"x":[{"value":268451845},{"value":21592279046},{"value":8589934592,"symbolLocation":224,"symbol":"ZinMirHoistLayersinPEEW::InitializePatterns()"},{"value":97869419773952},{"value":0},{"value":97869419773952},{"value":2},{"value":4294967295},{"value":0},{"value":17179869184},{"value":0},{"value":2},{"value":0},{"value":0},{"value":22787},{"value":0},{"value":18446744073709551569},{"value":8774818544},{"value":0},{"value":4294967295},{"value":2},{"value":97869419773952},{"value":0},{"value":97869419773952},{"value":6163652744},{"value":8589934592,"symbolLocation":224,"symbol":"ZinMirHoistLayersinPEEW::InitializePatterns()"},{"value":21592279046},{"value":18446744073709550527},{"value":4412409862}],"flavor":"ARM_THREAD_STATE64","lr":{"value":6929354792},"cpsr":{"value":0},"fp":{"value":6163652592},"sp":{"value":6163652512},"esr":{"value":1442840704,"description":"(Syscall)"},"pc":{"value":6929280052},"far":{"value":0}},"frames":[{"imageOffset":3124,"symbol":"mach_msg2_trap","symbolLocation":8,"imageIndex":15},{"imageOffset":77864,"symbol":"mach_msg2_internal","symbolLocation":76,"imageIndex":15},{"imageOffset":39308,"symbol":"mach_msg_overwrite","symbolLocation":484,"imageIndex":15},{"imageOffset":4020,"symbol":"mach_msg","symbolLocation":24,"imageIndex":15},{"imageOffset":392080,"symbol":"__CFRunLoopServiceMachPort","symbolLocation":160,"imageIndex":11},{"imageOffset":386280,"symbol":"__CFRunLoopRun","symbolLocation":1188,"imageIndex":11},{"imageOffset":1147740,"symbol":"_CFRunLoopRunSpecificWithOptions","symbolLocation":532,"imageIndex":11},{"imageOffset":720052,"symbol":"_NSEventThread","symbolLocation":184,"imageIndex":6},{"imageOffset":27656,"symbol":"_pthread_start","symbolLocation":136,"imageIndex":16},{"imageOffset":7080,"symbol":"thread_start","symbolLocation":8,"imageIndex":16}]},{"id":17465297,"name":"caulk.messenger.shared:17","threadState":{"x":[{"value":14},{"value":50734318330},{"value":0},{"value":6164230250},{"value":50734318304},{"value":25},{"value":0},{"value":0},{"value":0},{"value":4294967295},{"value":0},{"value":0},{"value":0},{"value":0},{"value":0},{"value":0},{"value":18446744073709551580},{"value":8774821016},{"value":0},{"value":30720532832},{"value":0},{"value":0},{"value":0},{"value":0},{"value":0},{"value":0},{"value":0},{"value":0},{"value":0}],"flavor":"ARM_THREAD_STATE64","lr":{"value":7137058312},"cpsr":{"value":2147483648},"fp":{"value":6164230016},"sp":{"value":6164229984},"esr":{"value":1442840704,"description":"(Syscall)"},"pc":{"value":6929279920},"far":{"value":0}},"frames":[{"imageOffset":2992,"symbol":"semaphore_wait_trap","symbolLocation":8,"imageIndex":15},{"imageOffset":7688,"symbol":"caulk::semaphore::timed_wait(double)","symbolLocation":224,"imageIndex":18},{"imageOffset":7344,"symbol":"caulk::concurrent::details::worker_thread::run()","symbolLocation":32,"imageIndex":18},{"imageOffset":6480,"symbol":"void* caulk::thread_proxy<std::__1::tuple<caulk::thread::attributes, void (caulk::concurrent::details::worker_thread::*)(), std::__1::tuple<caulk::concurrent::details::worker_thread*>>>(void*)","symbolLocation":96,"imageIndex":18},{"imageOffset":27656,"symbol":"_pthread_start","symbolLocation":136,"imageIndex":16},{"imageOffset":7080,"symbol":"thread_start","symbolLocation":8,"imageIndex":16}]},{"id":17465298,"name":"caulk.messenger.shared:high","threadState":{"x":[{"value":14},{"value":64003},{"value":64003},{"value":15},{"value":4294967295},{"value":0},{"value":0},{"value":0},{"value":0},{"value":4294967295},{"value":1},{"value":30719323256},{"value":0},{"value":0},{"value":0},{"value":0},{"value":18446744073709551580},{"value":8774821016},{"value":0},{"value":30720533056},{"value":0},{"value":0},{"value":0},{"value":0},{"value":0},{"value":0},{"value":0},{"value":0},{"value":0}],"flavor":"ARM_THREAD_STATE64","lr":{"value":7137058312},"cpsr":{"value":2147483648},"fp":{"value":6164803456},"sp":{"value":6164803424},"esr":{"value":1442840704,"description":"(Syscall)"},"pc":{"value":6929279920},"far":{"value":0}},"frames":[{"imageOffset":2992,"symbol":"semaphore_wait_trap","symbolLocation":8,"imageIndex":15},{"imageOffset":7688,"symbol":"caulk::semaphore::timed_wait(double)","symbolLocation":224,"imageIndex":18},{"imageOffset":7344,"symbol":"caulk::concurrent::details::worker_thread::run()","symbolLocation":32,"imageIndex":18},{"imageOffset":6480,"symbol":"void* caulk::thread_proxy<std::__1::tuple<caulk::thread::attributes, void (caulk::concurrent::details::worker_thread::*)(), std::__1::tuple<caulk::concurrent::details::worker_thread*>>>(void*)","symbolLocation":96,"imageIndex":18},{"imageOffset":27656,"symbol":"_pthread_start","symbolLocation":136,"imageIndex":16},{"imageOffset":7080,"symbol":"thread_start","symbolLocation":8,"imageIndex":16}]},{"id":17466516,"frames":[],"threadState":{"x":[{"value":6167097344},{"value":124435},{"value":6166560768},{"value":0},{"value":409604},{"value":18446744073709551615},{"value":0},{"value":0},{"value":0},{"value":0},{"value":0},{"value":0},{"value":0},{"value":0},{"value":0},{"value":0},{"value":0},{"value":0},{"value":0},{"value":0},{"value":0},{"value":0},{"value":0},{"value":0},{"value":0},{"value":0},{"value":0},{"value":0},{"value":0}],"flavor":"ARM_THREAD_STATE64","lr":{"value":0},"cpsr":{"value":0},"fp":{"value":0},"sp":{"value":6167097344},"esr":{"value":1442840704,"description":"(Syscall)"},"pc":{"value":6929533844},"far":{"value":0}}},{"id":17466518,"frames":[],"threadState":{"x":[{"value":6168244224},{"value":6411},{"value":6167707648},{"value":0},{"value":409604},{"value":18446744073709551615},{"value":0},{"value":0},{"value":0},{"value":0},{"value":0},{"value":0},{"value":0},{"value":0},{"value":0},{"value":0},{"value":0},{"value":0},{"value":0},{"value":0},{"value":0},{"value":0},{"value":0},{"value":0},{"value":0},{"value":0},{"value":0},{"value":0},{"value":0}],"flavor":"ARM_THREAD_STATE64","lr":{"value":0},"cpsr":{"value":0},"fp":{"value":0},"sp":{"value":6168244224},"esr":{"value":1442840704,"description":"(Syscall)"},"pc":{"value":6929533844},"far":{"value":0}}},{"id":17467627,"frames":[],"threadState":{"x":[{"value":6163083264},{"value":73319},{"value":6162546688},{"value":0},{"value":409604},{"value":18446744073709551615},{"value":0},{"value":0},{"value":0},{"value":0},{"value":0},{"value":0},{"value":0},{"value":0},{"value":0},{"value":0},{"value":0},{"value":0},{"value":0},{"value":0},{"value":0},{"value":0},{"value":0},{"value":0},{"value":0},{"value":0},{"value":0},{"value":0},{"value":0}],"flavor":"ARM_THREAD_STATE64","lr":{"value":0},"cpsr":{"value":0},"fp":{"value":0},"sp":{"value":6163083264},"esr":{"value":1442840704,"description":"(Syscall)"},"pc":{"value":6929533844},"far":{"value":0}}},{"id":17467639,"name":"ANEServicesThread","threadState":{"x":[{"value":268451845},{"value":21592279046},{"value":8589934592,"symbolLocation":224,"symbol":"ZinMirHoistLayersinPEEW::InitializePatterns()"},{"value":532210872483840},{"value":0},{"value":532210872483840},{"value":2},{"value":4294967295},{"value":0},{"value":17179869184},{"value":0},{"value":2},{"value":0},{"value":0},{"value":123915},{"value":0},{"value":18446744073709551569},{"value":8774818544},{"value":0},{"value":4294967295},{"value":2},{"value":532210872483840},{"value":0},{"value":532210872483840},{"value":6165373000},{"value":8589934592,"symbolLocation":224,"symbol":"ZinMirHoistLayersinPEEW::InitializePatterns()"},{"value":21592279046},{"value":18446744073709550527},{"value":4412409862}],"flavor":"ARM_THREAD_STATE64","lr":{"value":6929354792},"cpsr":{"value":0},"fp":{"value":6165372848},"sp":{"value":6165372768},"esr":{"value":1442840704,"description":"(Syscall)"},"pc":{"value":6929280052},"far":{"value":0}},"frames":[{"imageOffset":3124,"symbol":"mach_msg2_trap","symbolLocation":8,"imageIndex":15},{"imageOffset":77864,"symbol":"mach_msg2_internal","symbolLocation":76,"imageIndex":15},{"imageOffset":39308,"symbol":"mach_msg_overwrite","symbolLocation":484,"imageIndex":15},{"imageOffset":4020,"symbol":"mach_msg","symbolLocation":24,"imageIndex":15},{"imageOffset":392080,"symbol":"__CFRunLoopServiceMachPort","symbolLocation":160,"imageIndex":11},{"imageOffset":386280,"symbol":"__CFRunLoopRun","symbolLocation":1188,"imageIndex":11},{"imageOffset":1147740,"symbol":"_CFRunLoopRunSpecificWithOptions","symbolLocation":532,"imageIndex":11},{"imageOffset":727600,"symbol":"CFRunLoopRun","symbolLocation":64,"imageIndex":11},{"imageOffset":144292,"symbol":"ANE::ANEServicesThreadStart(ANE::ANEServicesThreadParams*)","symbolLocation":152,"imageIndex":19},{"imageOffset":27656,"symbol":"_pthread_start","symbolLocation":136,"imageIndex":16},{"imageOffset":7080,"symbol":"thread_start","symbolLocation":8,"imageIndex":16}]},{"id":17467889,"name":"AudioSession - RootQueue","threadState":{"x":[{"value":14},{"value":4294966759129088004},{"value":999999875},{"value":68719460488},{"value":30703588352},{"value":7220818432},{"value":0},{"value":0},{"value":999999875},{"value":3},{"value":13835058055282163714},{"value":80000000},{"value":1794620140818747},{"value":1777025807288670},{"value":4096},{"value":26},{"value":18446744073709551578},{"value":8774821000},{"value":0},{"value":36047389076412},{"value":30730760960},{"value":1000000000},{"value":30730760824},{"value":6161363168},{"value":0},{"value":0},{"value":18446744071411073023},{"value":0},{"value":0}],"flavor":"ARM_THREAD_STATE64","lr":{"value":6927948932},"cpsr":{"value":2147483648},"fp":{"value":6161362752},"sp":{"value":6161362720},"esr":{"value":1442840704,"description":"(Syscall)"},"pc":{"value":6929279944},"far":{"value":0}},"frames":[{"imageOffset":3016,"symbol":"semaphore_timedwait_trap","symbolLocation":8,"imageIndex":15},{"imageOffset":224388,"symbol":"_dispatch_sema4_timedwait","symbolLocation":64,"imageIndex":20},{"imageOffset":16136,"symbol":"_dispatch_semaphore_wait_slow","symbolLocation":76,"imageIndex":20},{"imageOffset":81344,"symbol":"_dispatch_worker_thread","symbolLocation":324,"imageIndex":20},{"imageOffset":27656,"symbol":"_pthread_start","symbolLocation":136,"imageIndex":16},{"imageOffset":7080,"symbol":"thread_start","symbolLocation":8,"imageIndex":16}]},{"id":17467890,"name":"caulk::deferred_logger","threadState":{"x":[{"value":14},{"value":30712927223},{"value":0},{"value":6161936487},{"value":30712927200},{"value":22},{"value":0},{"value":0},{"value":0},{"value":4294967295},{"value":0},{"value":0},{"value":0},{"value":0},{"value":0},{"value":0},{"value":18446744073709551580},{"value":8774821016},{"value":0},{"value":30727020472},{"value":0},{"value":0},{"value":0},{"value":0},{"value":0},{"value":0},{"value":0},{"value":0},{"value":0}],"flavor":"ARM_THREAD_STATE64","lr":{"value":7137058312},"cpsr":{"value":2147483648},"fp":{"value":6161936256},"sp":{"value":6161936224},"esr":{"value":1442840704,"description":"(Syscall)"},"pc":{"value":6929279920},"far":{"value":0}},"frames":[{"imageOffset":2992,"symbol":"semaphore_wait_trap","symbolLocation":8,"imageIndex":15},{"imageOffset":7688,"symbol":"caulk::semaphore::timed_wait(double)","symbolLocation":224,"imageIndex":18},{"imageOffset":7344,"symbol":"caulk::concurrent::details::worker_thread::run()","symbolLocation":32,"imageIndex":18},{"imageOffset":6480,"symbol":"void* caulk::thread_proxy<std::__1::tuple<caulk::thread::attributes, void (caulk::concurrent::details::worker_thread::*)(), std::__1::tuple<caulk::concurrent::details::worker_thread*>>>(void*)","symbolLocation":96,"imageIndex":18},{"imageOffset":27656,"symbol":"_pthread_start","symbolLocation":136,"imageIndex":16},{"imageOffset":7080,"symbol":"thread_start","symbolLocation":8,"imageIndex":16}]},{"id":17467891,"name":"com.apple.audio.toolbox.AUScheduledParameterRefresher","threadState":{"x":[{"value":14},{"value":50742730998},{"value":0},{"value":6162509958},{"value":50742730944},{"value":53},{"value":0},{"value":0},{"value":0},{"value":4294967295},{"value":0},{"value":0},{"value":0},{"value":0},{"value":0},{"value":0},{"value":18446744073709551580},{"value":8774821016},{"value":0},{"value":30749229336},{"value":0},{"value":0},{"value":0},{"value":0},{"value":0},{"value":0},{"value":0},{"value":0},{"value":0}],"flavor":"ARM_THREAD_STATE64","lr":{"value":7137058312},"cpsr":{"value":2147483648},"fp":{"value":6162509696},"sp":{"value":6162509664},"esr":{"value":1442840704,"description":"(Syscall)"},"pc":{"value":6929279920},"far":{"value":0}},"frames":[{"imageOffset":2992,"symbol":"semaphore_wait_trap","symbolLocation":8,"imageIndex":15},{"imageOffset":7688,"symbol":"caulk::semaphore::timed_wait(double)","symbolLocation":224,"imageIndex":18},{"imageOffset":7344,"symbol":"caulk::concurrent::details::worker_thread::run()","symbolLocation":32,"imageIndex":18},{"imageOffset":6480,"symbol":"void* caulk::thread_proxy<std::__1::tuple<caulk::thread::attributes, void (caulk::concurrent::details::worker_thread::*)(), std::__1::tuple<caulk::concurrent::details::worker_thread*>>>(void*)","symbolLocation":96,"imageIndex":18},{"imageOffset":27656,"symbol":"_pthread_start","symbolLocation":136,"imageIndex":16},{"imageOffset":7080,"symbol":"thread_start","symbolLocation":8,"imageIndex":16}]},{"id":17467893,"name":"com.apple.audio.IOThread.client","threadState":{"x":[{"value":14},{"value":116739},{"value":0},{"value":0},{"value":0},{"value":24},{"value":4842556432},{"value":0},{"value":1},{"value":5672539327034884127},{"value":1099511628032},{"value":1099511628034},{"value":48},{"value":14400},{"value":27},{"value":4294967292},{"value":18446744073709551579},{"value":8774821024},{"value":0},{"value":30715501368},{"value":30715501360},{"value":30715501392},{"value":1},{"value":30718720512},{"value":26},{"value":0},{"value":6988322555},{"value":30715501360},{"value":30715500544}],"flavor":"ARM_THREAD_STATE64","lr":{"value":7137177512},"cpsr":{"value":1610612736},"fp":{"value":6165949696},"sp":{"value":6165949680},"esr":{"value":1442840704,"description":"(Syscall)"},"pc":{"value":6929279932},"far":{"value":0}},"frames":[{"imageOffset":3004,"symbol":"semaphore_wait_signal_trap","symbolLocation":8,"imageIndex":15},{"imageOffset":126888,"symbol":"caulk::mach::semaphore::wait_signal_or_error(caulk::mach::semaphore&)","symbolLocation":36,"imageIndex":18},{"imageOffset":2122372,"symbol":"HALC_ProxyIOContext::IOWorkLoop()","symbolLocation":5052,"imageIndex":22},{"imageOffset":2115616,"symbol":"invocation function for block in HALC_ProxyIOContext::HALC_ProxyIOContext(unsigned int, unsigned int)","symbolLocation":172,"imageIndex":22},{"imageOffset":4006592,"symbol":"HALC_IOThread::Entry(void*)","symbolLocation":88,"imageIndex":22},{"imageOffset":27656,"symbol":"_pthread_start","symbolLocation":136,"imageIndex":16},{"imageOffset":7080,"symbol":"thread_start","symbolLocation":8,"imageIndex":16}]},{"id":17467914,"frames":[],"threadState":{"x":[{"value":6166523904},{"value":0},{"value":6165987328},{"value":0},{"value":278532},{"value":18446744073709551615},{"value":0},{"value":0},{"value":0},{"value":0},{"value":0},{"value":0},{"value":0},{"value":0},{"value":0},{"value":0},{"value":0},{"value":0},{"value":0},{"value":0},{"value":0},{"value":0},{"value":0},{"value":0},{"value":0},{"value":0},{"value":0},{"value":0},{"value":0}],"flavor":"ARM_THREAD_STATE64","lr":{"value":0},"cpsr":{"value":0},"fp":{"value":0},"sp":{"value":6166523904},"esr":{"value":0},"pc":{"value":6929533844},"far":{"value":0}}}],
  "usedImages" : [
  {
    "source" : "P",
    "arch" : "arm64",
    "base" : 4306075648,
    "CFBundleShortVersionString" : "1.0.0",
    "CFBundleIdentifier" : "com.suprasonic.app",
    "size" : 1196032,
    "uuid" : "18419399-b908-30d4-bde9-00f4c1b6c98f",
    "path" : "\/Volumes\/VOLUME\/Suprasonic.app\/Contents\/MacOS\/SuprasonicApp",
    "name" : "SuprasonicApp",
    "CFBundleVersion" : "1"
  },
  {
    "source" : "P",
    "arch" : "arm64e",
    "base" : 4314267648,
    "size" : 49152,
    "uuid" : "f8bd9069-8c4f-37ea-af9a-2b1060f54e4f",
    "path" : "\/usr\/lib\/libobjc-trampolines.dylib",
    "name" : "libobjc-trampolines.dylib"
  },
  {
    "source" : "P",
    "arch" : "arm64e",
    "base" : 4473241600,
    "CFBundleShortVersionString" : "341.11",
    "CFBundleIdentifier" : "com.apple.AGXMetalG16G-B0",
    "size" : 8552448,
    "uuid" : "a22549f3-d4f5-3b88-af18-e06837f0d352",
    "path" : "\/System\/Library\/Extensions\/AGXMetalG16G_B0.bundle\/Contents\/MacOS\/AGXMetalG16G_B0",
    "name" : "AGXMetalG16G_B0",
    "CFBundleVersion" : "341.11"
  },
  {
    "source" : "P",
    "arch" : "arm64e",
    "base" : 4472537088,
    "CFBundleShortVersionString" : "2.8",
    "CFBundleIdentifier" : "com.apple.applescript.component",
    "size" : 16384,
    "uuid" : "2d7f7a02-d8b0-3670-807c-5150ff12f3cb",
    "path" : "\/System\/Library\/Components\/AppleScript.component\/Contents\/MacOS\/AppleScript",
    "name" : "AppleScript",
    "CFBundleVersion" : "410"
  },
  {
    "source" : "P",
    "arch" : "arm64e",
    "base" : 4430561280,
    "CFBundleShortVersionString" : "1.14",
    "CFBundleIdentifier" : "com.apple.audio.units.Components",
    "size" : 1327104,
    "uuid" : "9155d5f9-804c-3e9b-a2d9-b4ccff316f05",
    "path" : "\/System\/Library\/Components\/CoreAudio.component\/Contents\/MacOS\/CoreAudio",
    "name" : "CoreAudio",
    "CFBundleVersion" : "1.14"
  },
  {
    "source" : "P",
    "arch" : "arm64e",
    "base" : 6925008896,
    "size" : 341132,
    "uuid" : "5a0aab4e-0c1a-3680-82c9-43dc4007a6e7",
    "path" : "\/usr\/lib\/libobjc.A.dylib",
    "name" : "libobjc.A.dylib"
  },
  {
    "source" : "P",
    "arch" : "arm64e",
    "base" : 7001415680,
    "CFBundleShortVersionString" : "6.9",
    "CFBundleIdentifier" : "com.apple.AppKit",
    "size" : 24300448,
    "uuid" : "3c0949bb-e361-369a-80b7-17440eb09e98",
    "path" : "\/System\/Library\/Frameworks\/AppKit.framework\/Versions\/C\/AppKit",
    "name" : "AppKit",
    "CFBundleVersion" : "2685.20.119"
  },
  {
    "source" : "P",
    "arch" : "arm64e",
    "base" : 6926204928,
    "size" : 12753,
    "uuid" : "f17000b3-f871-3590-b604-7c4a13eae01c",
    "path" : "\/usr\/lib\/system\/libsystem_blocks.dylib",
    "name" : "libsystem_blocks.dylib"
  },
  {
    "source" : "P",
    "arch" : "arm64e",
    "base" : 6955282432,
    "CFBundleShortVersionString" : "6.9",
    "CFBundleIdentifier" : "com.apple.Foundation",
    "size" : 16396896,
    "uuid" : "00467f1f-216a-36fe-8587-c820c7e0437d",
    "path" : "\/System\/Library\/Frameworks\/Foundation.framework\/Versions\/C\/Foundation",
    "name" : "Foundation",
    "CFBundleVersion" : "4109.1.401"
  },
  {
    "source" : "P",
    "arch" : "arm64e",
    "base" : 7094456320,
    "CFBundleShortVersionString" : "1193.39.8",
    "CFBundleIdentifier" : "com.apple.QuartzCore",
    "size" : 4257856,
    "uuid" : "ff6807cf-b56d-3381-9da6-9ed9322dc720",
    "path" : "\/System\/Library\/Frameworks\/QuartzCore.framework\/Versions\/A\/QuartzCore",
    "name" : "QuartzCore",
    "CFBundleVersion" : "1193.39.8"
  },
  {
    "source" : "P",
    "arch" : "arm64e",
    "base" : 10911920128,
    "CFBundleShortVersionString" : "1",
    "CFBundleIdentifier" : "com.apple.UpdateCycle",
    "size" : 8704,
    "uuid" : "2fa4f246-4964-3c15-a211-566d75606dd2",
    "path" : "\/System\/Library\/PrivateFrameworks\/UpdateCycle.framework\/Versions\/A\/UpdateCycle",
    "name" : "UpdateCycle",
    "CFBundleVersion" : "1"
  },
  {
    "source" : "P",
    "arch" : "arm64e",
    "base" : 6929813504,
    "CFBundleShortVersionString" : "6.9",
    "CFBundleIdentifier" : "com.apple.CoreFoundation",
    "size" : 5532352,
    "uuid" : "3c4a3add-9e48-33da-82ee-80520e6cbe3b",
    "path" : "\/System\/Library\/Frameworks\/CoreFoundation.framework\/Versions\/A\/CoreFoundation",
    "name" : "CoreFoundation",
    "CFBundleVersion" : "4109.1.401"
  },
  {
    "source" : "P",
    "arch" : "arm64e",
    "base" : 7141994496,
    "CFBundleShortVersionString" : "2.1.1",
    "CFBundleIdentifier" : "com.apple.HIToolbox",
    "size" : 3155968,
    "uuid" : "9ab64c08-0685-3a0d-9a7e-83e7a1e9ebb4",
    "path" : "\/System\/Library\/Frameworks\/Carbon.framework\/Versions\/A\/Frameworks\/HIToolbox.framework\/Versions\/A\/HIToolbox",
    "name" : "HIToolbox"
  },
  {
    "source" : "P",
    "arch" : "arm64e",
    "base" : 6925553664,
    "size" : 651108,
    "uuid" : "b50f5a1a-be81-3068-92e1-3554f2be478a",
    "path" : "\/usr\/lib\/dyld",
    "name" : "dyld"
  },
  {
    "size" : 0,
    "source" : "A",
    "base" : 0,
    "uuid" : "00000000-0000-0000-0000-000000000000"
  },
  {
    "source" : "P",
    "arch" : "arm64e",
    "base" : 6929276928,
    "size" : 246944,
    "uuid" : "9fe7c84d-0c2b-363f-bee5-6fd76d67a227",
    "path" : "\/usr\/lib\/system\/libsystem_kernel.dylib",
    "name" : "libsystem_kernel.dylib"
  },
  {
    "source" : "P",
    "arch" : "arm64e",
    "base" : 6929526784,
    "size" : 51900,
    "uuid" : "e95973b8-824c-361e-adf4-390747c40897",
    "path" : "\/usr\/lib\/system\/libsystem_pthread.dylib",
    "name" : "libsystem_pthread.dylib"
  },
  {
    "source" : "P",
    "arch" : "arm64e",
    "base" : 8583573504,
    "CFBundleShortVersionString" : "9.102.0",
    "CFBundleIdentifier" : "com.apple.ANECompiler",
    "size" : 23402424,
    "uuid" : "e5929674-e362-3f53-a8d9-22060087625c",
    "path" : "\/System\/Library\/PrivateFrameworks\/ANECompiler.framework\/Versions\/A\/ANECompiler",
    "name" : "ANECompiler",
    "CFBundleVersion" : "9.102.0"
  },
  {
    "source" : "P",
    "arch" : "arm64e",
    "base" : 7137050624,
    "CFBundleShortVersionString" : "1.0",
    "CFBundleIdentifier" : "com.apple.audio.caulk",
    "size" : 167296,
    "uuid" : "9c791aec-e0d3-3ace-ac9e-e7a4d59b7762",
    "path" : "\/System\/Library\/PrivateFrameworks\/caulk.framework\/Versions\/A\/caulk",
    "name" : "caulk"
  },
  {
    "source" : "P",
    "arch" : "arm64e",
    "base" : 7424999424,
    "CFBundleShortVersionString" : "9.102",
    "CFBundleIdentifier" : "com.apple.ANEServices",
    "size" : 205504,
    "uuid" : "df9f24fa-44eb-3105-ba82-980ae34a00fa",
    "path" : "\/System\/Library\/PrivateFrameworks\/ANEServices.framework\/Versions\/A\/ANEServices",
    "name" : "ANEServices",
    "CFBundleVersion" : "9.102"
  },
  {
    "source" : "P",
    "arch" : "arm64e",
    "base" : 6927724544,
    "size" : 290464,
    "uuid" : "8fb392ae-401f-399a-96ae-41531cf91162",
    "path" : "\/usr\/lib\/system\/libdispatch.dylib",
    "name" : "libdispatch.dylib"
  },
  {
    "source" : "P",
    "arch" : "arm64e",
    "base" : 7220133888,
    "CFBundleShortVersionString" : "1.0",
    "CFBundleIdentifier" : "com.apple.MediaExperience",
    "size" : 796128,
    "uuid" : "9d344825-1ed8-36d0-88ed-daf41eb49e45",
    "path" : "\/System\/Library\/PrivateFrameworks\/MediaExperience.framework\/Versions\/A\/MediaExperience",
    "name" : "MediaExperience",
    "CFBundleVersion" : "1"
  },
  {
    "source" : "P",
    "arch" : "arm64e",
    "base" : 6980960256,
    "CFBundleShortVersionString" : "5.0",
    "CFBundleIdentifier" : "com.apple.audio.CoreAudio",
    "size" : 8044800,
    "uuid" : "7d9dbf1d-2cfe-3601-bd04-2578b26d373b",
    "path" : "\/System\/Library\/Frameworks\/CoreAudio.framework\/Versions\/A\/CoreAudio",
    "name" : "CoreAudio",
    "CFBundleVersion" : "5.0"
  }
],
  "sharedCache" : {
  "base" : 6924468224,
  "size" : 5609635840,
  "uuid" : "b69ff43c-dbfd-3fb1-b4fe-a8fe32ea1062"
},
  "vmSummary" : "ReadOnly portion of Libraries: Total=1.3G resident=0K(0%) swapped_out_or_unallocated=1.3G(100%)\nWritable regions: Total=240.1M written=1265K(1%) resident=657K(0%) swapped_out=1696K(1%) unallocated=237.8M(99%)\n\n                                VIRTUAL   REGION \nREGION TYPE                        SIZE    COUNT (non-coalesced) \n===========                     =======  ======= \nAccelerate framework               128K        1 \nActivity Tracing                   256K        1 \nAttributeGraph Data               1024K        1 \nCG image                           176K        2 \nCG raster data                     288K        3 \nColorSync                           16K        1 \nCoreAnimation                     1008K       29 \nCoreGraphics                        48K        3 \nCoreServices                       624K        2 \nCoreUI image data                  592K        5 \nFoundation                          16K        1 \nImage IO                          2208K        4 \nKernel Alloc Once                   32K        1 \nMALLOC                           214.1M       48 \nMALLOC guard page                 3840K        4 \nMach message                       176K        3 \nSQLite page cache                  384K        3 \nSTACK GUARD                       56.2M       13 \nStack                             14.4M       13 \nVM_ALLOCATE                        272K        8 \nVM_ALLOCATE (reserved)            1536K        1         reserved VM address space (unallocated)\n__AUTH                            3141K      342 \n__AUTH_CONST                      54.8M      635 \n__CTF                               824        1 \n__DATA                            16.7M      591 \n__DATA_CONST                      25.1M      643 \n__DATA_DIRTY                      4919K      550 \n__FONT_DATA                        2352        1 \n__INFO_FILTER                         8        1 \n__LINKEDIT                       595.5M        6 \n__OBJC_RO                         78.3M        1 \n__OBJC_RW                         2567K        1 \n__TEXT                           701.8M      657 \n__TEXT (network)                  9536K        3 \n__TPRO_CONST                       128K        2 \nmapped file                      333.5M       42 \npage table in kernel               657K        1 \nshared memory                     4512K       19 \n===========                     =======  ======= \nTOTAL                              2.1G     3643 \nTOTAL, minus reserved VM space     2.1G     3643 \n",
  "legacyInfo" : {
  "threadTriggered" : {
    "queue" : "com.apple.main-thread"
  }
},
  "logWritingSignature" : "e3266d343798e447d414824412683140858fa18f",
  "trialInfo" : {
  "rollouts" : [
    {
      "rolloutId" : "64628732bf2f5257dedc8988",
      "factorPackIds" : [

      ],
      "deploymentId" : 240000001
    },
    {
      "rolloutId" : "67181b10c68c361a728c7cfa",
      "factorPackIds" : [

      ],
      "deploymentId" : 240000005
    }
  ],
  "experiments" : [

  ]
}
}
